{
  "thresholds": {
    "CAI": 0.3,
    "OAV": 0.3,
    "IAD": 0.3
  },
  "benign_score_stats": {
    "CAI": {
      "mean": 0.04999999999999998,
      "max": 0.05,
      "count": 50
    },
    "OAV": {
      "mean": 0.04999999999999998,
      "max": 0.05,
      "count": 50
    },
    "IAD": {
      "mean": 0.04999999999999998,
      "max": 0.05,
      "count": 50
    }
  },
  "attack_score_stats": {
    "CAI": {
      "mean": 0.5300000000000005,
      "min": 0.05,
      "count": 50
    },
    "OAV": {
      "mean": 0.37000000000000016,
      "min": 0.05,
      "count": 50
    },
    "IAD": {
      "mean": 0.23000000000000043,
      "min": 0.05,
      "count": 50
    }
  }
}